{
  "contador": "5",
  "pessoas": [
    {
      "id": "1",
      "nome": "joao"
    },
    {
      "id": "2",
      "nome": "bruno"
    },
    {
      "id": "3",
      "nome": "ana"
    },
    {
      "id": "4",
      "nome": "michelle"
    },
    {
      "id": "8c47",
      "nome": ""
    },
    {
      "id": "85b0",
      "nome": "Paulo Henrique  Bessa"
    },
    {
      "id": "29c2",
      "nome": "Paulo Henrique Basso Bessa1"
    },
    {
      "id": "bacd",
      "nome": "kakkakak"
    }
  ]
}